{"iris": {"scale": [0.33333333333333337, 0.33333333333333337, 0.33333333333333337, 0.16666666666666663, 0.33333333333333337, 0.33333333333333337, 0.9666666666666667, 1.0, 1.0, 1.0, 1.0, 0.9666666666666667, 1.0, 1.0, 1.0, 0.9], "hidden_layers": [0.9666666666666667, 0.33333333333333337, 0.33333333333333337], "learning_rate": [0.2666666666666667, 0.6666666666666667, 0.7333333333333334, 0.9333333333333333, 0.8, 0.9333333333333333, 0.9666666666666667, 0.9333333333333333, 1.0, 1.0, 0.9666666666666667, 1.0, 1.0, 1.0, 1.0], "hidden_layer_size": [0.33333333333333337, 0.9666666666666667, 0.5333333333333333, 0.9666666666666667, 1.0, 1.0, 1.0], "tol": [1.0, 0.9666666666666667, 0.7666666666666666, 0.6666666666666667, 0.7, 0.5666666666666667, 0.6, 0.5, 0.33333333333333337, 0.33333333333333337], "lambdas": [1.0, 0.33333333333333337, 0.33333333333333337, 0.33333333333333337, 0.33333333333333337, 0.33333333333333337, 0.33333333333333337, 0.33333333333333337]}, "wine": {"scale": [0.4117647058823529, 0.4117647058823529, 0.4117647058823529, 0.4117647058823529, 0.4117647058823529, 0.4117647058823529, 0.9705882352941176, 0.9705882352941176, 0.9705882352941176, 0.9705882352941176, 0.9705882352941176, 0.9117647058823529, 0.9705882352941176, 0.9705882352941176, 0.9705882352941176, 0.9705882352941176], "hidden_layers": [0.9705882352941176, 0.9705882352941176, 0.4117647058823529], "learning_rate": [0.9411764705882353, 0.9705882352941176, 0.9705882352941176, 0.9705882352941176, 0.9411764705882353, 0.9705882352941176, 0.9705882352941176, 1.0, 0.9705882352941176, 0.9705882352941176, 0.9705882352941176, 0.9705882352941176, 0.9705882352941176, 0.9705882352941176, 0.9705882352941176], "hidden_layer_size": [0.9705882352941176, 0.9705882352941176, 0.9411764705882353, 0.9705882352941176, 0.9411764705882353, 0.9411764705882353, 0.9705882352941176], "tol": [0.9705882352941176, 0.9705882352941176, 0.9705882352941176, 0.9705882352941176, 0.9705882352941176, 0.4117647058823529, 0.7352941176470589, 0.4117647058823529, 0.47058823529411764, 0.38235294117647056], "lambdas": [0.9705882352941176, 0.4117647058823529, 0.4117647058823529, 0.4117647058823529, 0.4117647058823529, 0.4117647058823529, 0.4117647058823529, 0.4117647058823529]}}