{"Avg": {"sc": [0.649364759570615, 0.5840053145196985, 0.5835729966908516, 0.5591863626664455, 0.5539181507062478, 0.5490382223778404, 0.4926848964242665, 0.49011107166373247], "ari": [0.40246885707531704, 0.3185923517993606, 0.3006613576963578, 0.2822013489219816, 0.2738416845584242, 0.27290096196382735, 0.21647539140063202, 0.20310827685733085], "mse": [1982.628393371114, 1207.173889958504, 1061.1596736353908, 433.66580531245415, 313.12005371659563, 301.50231493094304, 235.12592006850576, 154.24956406629252]}, "Cpl": {"sc": [0.6413290429696279, 0.54189737033486, 0.5336008843702895, 0.46708606196515323, 0.45511085668759355, 0.4953863857553315, 0.5235829102087893, 0.5212890759934374], "ari": [0.2980650961409755, 0.3708330215187077, 0.3330689198963445, 0.3510332670592603, 0.2797341957930661, 0.21691688033422774, 0.1877032379682455, 0.1866565329041717], "mse": [2234.468850611905, 1063.489154886321, 763.6826393184274, 585.3514998444474, 382.8574123549309, 232.1126189197616, 151.87751641067442, 140.25977762502194]}, "Sgl": {"sc": [0.5393938960075034, -0.06929245423622123, -0.012961174299001767, 0.1584373870758804, 0.40898139970875214, 0.39044437720640573, 0.36515947845147884, 0.39790084524815844], "ari": [0.000351000351000353, -0.0016864471229553182, 0.0030415023989478376, 0.045493093834654885, 0.24216190343731833, 0.2401832201827225, 0.23835493427953536, 0.29599742250802635], "mse": [7224.110314129019, 7205.828599619988, 5921.461790833524, 3780.6946912629655, 1469.3649271686297, 1465.8235180340735, 1464.4798114789353, 924.2234632955729]}}