{"Avg": {"sc": [0.6863930543204848, 0.553310483035415, 0.47162356802480615, 0.4315197541045535, 0.3418367242050022, 0.35568011172028274, 0.34718852581211546, 0.32613382027209475], "ari": [0.5681159420289855, 0.744526430873875, 0.7150685568144695, 0.651569281973745, 0.6401208208645752, 0.5725867354401173, 0.5768963336129591, 0.5676885360203324], "mse": [0.2583940000000001, 0.13205615072215074, 0.11436593235608486, 0.0941573107344633, 0.09154507944194627, 0.07085324190095621, 0.06928001113172544, 0.06645501113172543]}, "Cpl": {"sc": [0.3092596773371511, 0.5541403568961436, 0.48532414917551325, 0.4731804228488862, 0.3228108178034506, 0.30249580566650924, 0.29530261507291244, 0.2759450640825289], "ari": [0.24488299307256134, 0.7322981167185345, 0.6560788231646397, 0.6102627476495941, 0.48764789170357353, 0.4709587262196392, 0.5201344868872139, 0.47028755421673285], "mse": [0.6847642832995264, 0.13353625787284618, 0.09849877591036413, 0.08272566666666668, 0.07334509702009705, 0.06828617889144208, 0.059046198732711906, 0.055576754288267444]}, "Sgl": {"sc": [0.6863930543204848, 0.3401345832819957, 0.19455700474125318, 0.21927509322385172, 0.14594911575486505, 0.1470541508246962, 0.11078157771967227, 0.15718452558997006], "ari": [0.5681159420289855, 0.5657466140922338, 0.5635501312095799, 0.5598930056096105, 0.5582371308258616, 0.5474994263059474, 0.5453157260311638, 0.5397946100828234], "mse": [0.2583940000000001, 0.2547595892255893, 0.24891053061224502, 0.22802931249999997, 0.22594829824561405, 0.19317868864468868, 0.192084, 0.15774029844961243]}}