{"sc": [0.6770349019057895, 0.5531156214188829, 0.4833197282018451, 0.3723298160615347, 0.35938658212443886, 0.3335052814002923, 0.27195540079357766, 0.2892151193469047], "ari": [0.5312290473980091, 0.717275916833755, 0.7158153619648325, 0.5250989246576123, 0.4527943296271473, 0.4967751621901398, 0.4518688535041999, 0.3838484481433726], "mse": [0.2553716435185185, 0.1319057145717146, 0.10955788392857148, 0.11633865901615899, 0.06596782133490689, 0.05850796692414342, 0.06716898387927248, 0.051622050101858906]}