{"sc": [0.6537916530257694, 0.5711381937868844, 0.563240144338346, 0.544290768456771, 0.5408593023777907, 0.5305627635083761, 0.508522953853928, 0.529822023005206], "ari": [0.3814927638185069, 0.37111371823084754, 0.31651109597837435, 0.3158036122342894, 0.24764843369555672, 0.2743089794203475, 0.1969042997885583, 0.19709387427971242], "mse": [1968.3680689462542, 1024.4985681862431, 581.5264647535091, 397.69969148423445, 295.803978850122, 255.22957913613388, 239.48190931677902, 120.93734569735051]}