{"sc": [0.6770349019057895, 0.5140466718867247, 0.4139964401207075, 0.48873267397475645, 0.34463188968065184, 0.3021211255646649, 0.3126668171156935, 0.3191764980107008], "ari": [0.5312290473980091, 0.42552889306803887, 0.5890563462226995, 0.6069442308396499, 0.4319949861419152, 0.44636807255896116, 0.4556868324665211, 0.4373468484775352], "mse": [0.2553716435185185, 0.23821418156848986, 0.11976612930730572, 0.0782189166666667, 0.08023508434744833, 0.07148586702928297, 0.05630450748895495, 0.052675217562898745]}